{
  "hash": "a3698f28",
  "configHash": "0634f9e6",
  "lockfileHash": "a21a3768",
  "browserHash": "afa30cd4",
  "optimized": {
    "@angular/common": {
      "src": "../../../../../../node_modules/@angular/common/fesm2022/common.mjs",
      "file": "@angular_common.js",
      "fileHash": "c8be02f7",
      "needsInterop": false
    },
    "@angular/core": {
      "src": "../../../../../../node_modules/@angular/core/fesm2022/core.mjs",
      "file": "@angular_core.js",
      "fileHash": "af1bfad8",
      "needsInterop": false
    },
    "@angular/forms": {
      "src": "../../../../../../node_modules/@angular/forms/fesm2022/forms.mjs",
      "file": "@angular_forms.js",
      "fileHash": "99bc4797",
      "needsInterop": false
    },
    "@angular/platform-browser": {
      "src": "../../../../../../node_modules/@angular/platform-browser/fesm2022/platform-browser.mjs",
      "file": "@angular_platform-browser.js",
      "fileHash": "7f45bd74",
      "needsInterop": false
    },
    "@angular/platform-browser/animations": {
      "src": "../../../../../../node_modules/@angular/platform-browser/fesm2022/animations.mjs",
      "file": "@angular_platform-browser_animations.js",
      "fileHash": "2e861c43",
      "needsInterop": false
    }
  },
  "chunks": {
    "chunk-XLFMKQ5L": {
      "file": "chunk-XLFMKQ5L.js"
    },
    "chunk-LZKGYMFC": {
      "file": "chunk-LZKGYMFC.js"
    },
    "chunk-D45KHDV3": {
      "file": "chunk-D45KHDV3.js"
    }
  }
}